1,两数之和,https://leetcode-cn.com/problems/two-sum/description/,简单,45.0%,Two Sum
2,两数相加,https://leetcode-cn.com/problems/add-two-numbers/description/,中等,28.5%,Add Two Numbers
3,无重复字符的最长子串,https://leetcode-cn.com/problems/longest-substring-without-repeating-characters/description/,中等,23.1%,Longest Substring Without Repeating Characters
4,两个排序数组的中位数,https://leetcode-cn.com/problems/median-of-two-sorted-arrays/description/,困难,30.1%,Median of Two Sorted Arrays
5,最长回文子串,https://leetcode-cn.com/problems/longest-palindromic-substring/description/,中等,23.1%,Longest Palindromic Substring
6,Z字形变换,https://leetcode-cn.com/problems/zigzag-conversion/description/,中等,32.0%,ZigZag Conversion
7,反转整数,https://leetcode-cn.com/problems/reverse-integer/description/,简单,27.0%,Reverse Integer
8,字符串转整数 (atoi),https://leetcode-cn.com/problems/string-to-integer-atoi/description/,中等,15.8%,String to Integer (atoi)
9,回文数,https://leetcode-cn.com/problems/palindrome-number/description/,简单,48.6%,Palindrome Number
10,正则表达式匹配,https://leetcode-cn.com/problems/regular-expression-matching/description/,困难,17.1%,Regular Expression Matching
11,盛最多水的容器,https://leetcode-cn.com/problems/container-with-most-water/description/,中等,29.9%,Container With Most Water
12,整数转罗马数字,https://leetcode-cn.com/problems/integer-to-roman/description/,中等,54.1%,Integer to Roman
13,罗马数字转整数,https://leetcode-cn.com/problems/roman-to-integer/description/,简单,53.6%,Roman to Integer
14,最长公共前缀,https://leetcode-cn.com/problems/longest-common-prefix/description/,简单,28.3%,Longest Common Prefix
15,三数之和,https://leetcode-cn.com/problems/3sum/description/,中等,14.2%,3Sum
16,最接近的三数之和,https://leetcode-cn.com/problems/3sum-closest/description/,中等,32.8%,3Sum Closest
17,电话号码的字母组合,https://leetcode-cn.com/problems/letter-combinations-of-a-phone-number/description/,中等,41.7%,Letter Combinations of a Phone Number
18,四数之和,https://leetcode-cn.com/problems/4sum/description/,中等,29.0%,4Sum
19,删除链表的倒数第N个节点,https://leetcode-cn.com/problems/remove-nth-node-from-end-of-list/description/,中等,28.2%,Remove Nth Node From End of List
20,有效的括号,https://leetcode-cn.com/problems/valid-parentheses/description/,简单,30.6%,Valid Parentheses
21,合并两个有序链表,https://leetcode-cn.com/problems/merge-two-sorted-lists/description/,简单,48.0%,Merge Two Sorted Lists
22,括号生成,https://leetcode-cn.com/problems/generate-parentheses/description/,中等,60.1%,Generate Parentheses
23,合并K个排序链表,https://leetcode-cn.com/problems/merge-k-sorted-lists/description/,困难,35.7%,Merge k Sorted Lists
24,两两交换链表中的节点,https://leetcode-cn.com/problems/swap-nodes-in-pairs/description/,中等,47.7%,Swap Nodes in Pairs
25,k个一组翻转链表,https://leetcode-cn.com/problems/reverse-nodes-in-k-group/description/,困难,42.4%,Reverse Nodes in k-Group
26,删除排序数组中的重复项,https://leetcode-cn.com/problems/remove-duplicates-from-sorted-array/description/,简单,37.8%,Remove Duplicates from Sorted Array
27,移除元素,https://leetcode-cn.com/problems/remove-element/description/,简单,47.5%,Remove Element
28,实现strStr(),https://leetcode-cn.com/problems/implement-strstr/description/,简单,33.8%,Implement strStr()
29,两数相除,https://leetcode-cn.com/problems/divide-two-integers/description/,中等,14.2%,Divide Two Integers
30,与所有单词相关联的字串,https://leetcode-cn.com/problems/substring-with-concatenation-of-all-words/description/,困难,17.9%,Substring with Concatenation of All Words
31,下一个排列,https://leetcode-cn.com/problems/next-permutation/description/,中等,27.6%,Next Permutation
32,最长有效括号,https://leetcode-cn.com/problems/longest-valid-parentheses/description/,困难,19.6%,Longest Valid Parentheses
33,搜索旋转排序数组,https://leetcode-cn.com/problems/search-in-rotated-sorted-array/description/,中等,30.9%,Search in Rotated Sorted Array
34,搜索范围,https://leetcode-cn.com/problems/search-for-a-range/description/,中等,32.4%,Search for a Range
35,搜索插入位置,https://leetcode-cn.com/problems/search-insert-position/description/,简单,40.2%,Search Insert Position
36,有效的数独,https://leetcode-cn.com/problems/valid-sudoku/description/,中等,45.4%,Valid Sudoku
37,解数独,https://leetcode-cn.com/problems/sudoku-solver/description/,困难,44.1%,Sudoku Solver
38,报数,https://leetcode-cn.com/problems/count-and-say/description/,简单,44.8%,Count and Say
39,组合总和,https://leetcode-cn.com/problems/combination-sum/description/,中等,57.3%,Combination Sum
40,组合总和 II,https://leetcode-cn.com/problems/combination-sum-ii/description/,中等,48.7%,Combination Sum II
41,缺失的第一个正数,https://leetcode-cn.com/problems/first-missing-positive/description/,困难,28.8%,First Missing Positive
42,接雨水,https://leetcode-cn.com/problems/trapping-rain-water/description/,困难,32.9%,Trapping Rain Water
43,字符串相乘,https://leetcode-cn.com/problems/multiply-strings/description/,中等,30.8%,Multiply Strings
44,通配符匹配,https://leetcode-cn.com/problems/wildcard-matching/description/,困难,15.5%,Wildcard Matching
45,跳跃游戏 II,https://leetcode-cn.com/problems/jump-game-ii/description/,困难,24.2%,Jump Game II
46,全排列,https://leetcode-cn.com/problems/permutations/description/,中等,61.1%,Permutations
47,全排列 II,https://leetcode-cn.com/problems/permutations-ii/description/,中等,41.5%,Permutations II
48,旋转图像,https://leetcode-cn.com/problems/rotate-image/description/,中等,55.3%,Rotate Image
49,字母异位词分组,https://leetcode-cn.com/problems/group-anagrams/description/,中等,43.7%,Group Anagrams
50,"Pow(x, n)",https://leetcode-cn.com/problems/powx-n/description/,中等,24.6%,"Pow(x, n)"
51,N皇后,https://leetcode-cn.com/problems/n-queens/description/,困难,47.8%,N-Queens
52,N皇后 II,https://leetcode-cn.com/problems/n-queens-ii/description/,困难,66.5%,N-Queens II
53,最大子序和,https://leetcode-cn.com/problems/maximum-subarray/description/,简单,35.6%,Maximum Subarray
54,螺旋矩阵,https://leetcode-cn.com/problems/spiral-matrix/description/,中等,28.9%,Spiral Matrix
55,跳跃游戏,https://leetcode-cn.com/problems/jump-game/description/,中等,28.7%,Jump Game
56,合并区间,https://leetcode-cn.com/problems/merge-intervals/description/,中等,29.5%,Merge Intervals
57,插入区间,https://leetcode-cn.com/problems/insert-interval/description/,困难,25.7%,Insert Interval
58,最后一个单词的长度,https://leetcode-cn.com/problems/length-of-last-word/description/,简单,28.3%,Length of Last Word
59,螺旋矩阵 II,https://leetcode-cn.com/problems/spiral-matrix-ii/description/,中等,54.9%,Spiral Matrix II
60,第k个排列,https://leetcode-cn.com/problems/permutation-sequence/description/,中等,38.7%,Permutation Sequence
61,旋转链表,https://leetcode-cn.com/problems/rotate-list/description/,中等,28.6%,Rotate List
62,不同路径,https://leetcode-cn.com/problems/unique-paths/description/,中等,47.1%,Unique Paths
63,不同路径 II,https://leetcode-cn.com/problems/unique-paths-ii/description/,中等,28.9%,Unique Paths II
64,最小路径和,https://leetcode-cn.com/problems/minimum-path-sum/description/,中等,54.5%,Minimum Path Sum
65,有效数字,https://leetcode-cn.com/problems/valid-number/description/,困难,9.5%,Valid Number
66,加一,https://leetcode-cn.com/problems/plus-one/description/,简单,34.8%,Plus One
67,二进制求和,https://leetcode-cn.com/problems/add-binary/description/,简单,38.2%,Add Binary
68,文本左右对齐,https://leetcode-cn.com/problems/text-justification/description/,困难,23.9%,Text Justification
69,x 的平方根,https://leetcode-cn.com/problems/sqrtx/description/,简单,30.2%,Sqrt(x)
70,爬楼梯,https://leetcode-cn.com/problems/climbing-stairs/description/,简单,40.5%,Climbing Stairs
71,简化路径,https://leetcode-cn.com/problems/simplify-path/description/,中等,20.9%,Simplify Path
72,编辑距离,https://leetcode-cn.com/problems/edit-distance/description/,困难,37.0%,Edit Distance
73,矩阵置零,https://leetcode-cn.com/problems/set-matrix-zeroes/description/,中等,46.2%,Set Matrix Zeroes
74,搜索二维矩阵,https://leetcode-cn.com/problems/search-a-2d-matrix/description/,中等,29.2%,Search a 2D Matrix
75,分类颜色,https://leetcode-cn.com/problems/sort-colors/description/,中等,45.7%,Sort Colors
76,最小覆盖子串,https://leetcode-cn.com/problems/minimum-window-substring/description/,困难,25.9%,Minimum Window Substring
77,组合,https://leetcode-cn.com/problems/combinations/description/,中等,59.9%,Combinations
78,子集,https://leetcode-cn.com/problems/subsets/description/,中等,65.6%,Subsets
79,单词搜索,https://leetcode-cn.com/problems/word-search/description/,中等,30.3%,Word Search
80,删除排序数组中的重复项 II,https://leetcode-cn.com/problems/remove-duplicates-from-sorted-array-ii/description/,中等,38.8%,Remove Duplicates from Sorted Array II
81,搜索旋转排序数组 II,https://leetcode-cn.com/problems/search-in-rotated-sorted-array-ii/description/,中等,27.5%,Search in Rotated Sorted Array II
82,删除排序链表中的重复元素 II,https://leetcode-cn.com/problems/remove-duplicates-from-sorted-list-ii/description/,中等,29.1%,Remove Duplicates from Sorted List II
83,删除排序链表中的重复元素,https://leetcode-cn.com/problems/remove-duplicates-from-sorted-list/description/,简单,40.4%,Remove Duplicates from Sorted List
84,柱状图中最大的矩形,https://leetcode-cn.com/problems/largest-rectangle-in-histogram/description/,困难,29.3%,Largest Rectangle in Histogram
85,最大矩形,https://leetcode-cn.com/problems/maximal-rectangle/description/,困难,32.5%,Maximal Rectangle
86,分隔链表,https://leetcode-cn.com/problems/partition-list/description/,中等,32.7%,Partition List
87,扰乱字符串,https://leetcode-cn.com/problems/scramble-string/description/,困难,29.2%,Scramble String
88,合并两个有序数组,https://leetcode-cn.com/problems/merge-sorted-array/description/,简单,33.4%,Merge Sorted Array
89,格雷编码,https://leetcode-cn.com/problems/gray-code/description/,中等,50.0%,Gray Code
90,子集 II,https://leetcode-cn.com/problems/subsets-ii/description/,中等,44.2%,Subsets II
91,解码方法,https://leetcode-cn.com/problems/decode-ways/description/,中等,15.5%,Decode Ways
92,反转链表 II,https://leetcode-cn.com/problems/reverse-linked-list-ii/description/,中等,32.4%,Reverse Linked List II
93,复原IP地址,https://leetcode-cn.com/problems/restore-ip-addresses/description/,中等,31.9%,Restore IP Addresses
94,二叉树的中序遍历,https://leetcode-cn.com/problems/binary-tree-inorder-traversal/description/,中等,60.9%,Binary Tree Inorder Traversal
95,不同的二叉搜索树 II,https://leetcode-cn.com/problems/unique-binary-search-trees-ii/description/,中等,36.3%,Unique Binary Search Trees II
96,不同的二叉搜索树,https://leetcode-cn.com/problems/unique-binary-search-trees/description/,中等,45.4%,Unique Binary Search Trees
97,交错字符串,https://leetcode-cn.com/problems/interleaving-string/description/,困难,26.6%,Interleaving String
98,验证二叉搜索树,https://leetcode-cn.com/problems/validate-binary-search-tree/description/,中等,20.3%,Validate Binary Search Tree
99,恢复二叉搜索树,https://leetcode-cn.com/problems/recover-binary-search-tree/description/,困难,36.8%,Recover Binary Search Tree
100,相同的树,https://leetcode-cn.com/problems/same-tree/description/,简单,48.6%,Same Tree
101,对称二叉树,https://leetcode-cn.com/problems/symmetric-tree/description/,简单,40.0%,Symmetric Tree
102,二叉树的层次遍历,https://leetcode-cn.com/problems/binary-tree-level-order-traversal/description/,中等,46.5%,Binary Tree Level Order Traversal
103,二叉树的锯齿形层次遍历,https://leetcode-cn.com/problems/binary-tree-zigzag-level-order-traversal/description/,中等,40.7%,Binary Tree Zigzag Level Order Traversal
104,二叉树的最大深度,https://leetcode-cn.com/problems/maximum-depth-of-binary-tree/description/,简单,61.7%,Maximum Depth of Binary Tree
105,从前序与中序遍历序列构造二叉树,https://leetcode-cn.com/problems/construct-binary-tree-from-preorder-and-inorder-traversal/description/,中等,50.1%,Construct Binary Tree from Preorder and Inorder Traversal
106,从中序与后序遍历序列构造二叉树,https://leetcode-cn.com/problems/construct-binary-tree-from-inorder-and-postorder-traversal/description/,中等,53.3%,Construct Binary Tree from Inorder and Postorder Traversal
107,二叉树的层次遍历 II,https://leetcode-cn.com/problems/binary-tree-level-order-traversal-ii/description/,简单,46.7%,Binary Tree Level Order Traversal II
108,将有序数组转换为二叉搜索树,https://leetcode-cn.com/problems/convert-sorted-array-to-binary-search-tree/description/,简单,57.0%,Convert Sorted Array to Binary Search Tree
109,有序链表转换二叉搜索树,https://leetcode-cn.com/problems/convert-sorted-list-to-binary-search-tree/description/,中等,55.2%,Convert Sorted List to Binary Search Tree
110,平衡二叉树,https://leetcode-cn.com/problems/balanced-binary-tree/description/,简单,40.7%,Balanced Binary Tree
111,二叉树的最小深度,https://leetcode-cn.com/problems/minimum-depth-of-binary-tree/description/,简单,31.0%,Minimum Depth of Binary Tree
112,路径总和,https://leetcode-cn.com/problems/path-sum/description/,简单,37.7%,Path Sum
113,路径总和 II,https://leetcode-cn.com/problems/path-sum-ii/description/,中等,43.2%,Path Sum II
114,二叉树展开为链表,https://leetcode-cn.com/problems/flatten-binary-tree-to-linked-list/description/,中等,41.5%,Flatten Binary Tree to Linked List
115,不同的子序列,https://leetcode-cn.com/problems/distinct-subsequences/description/,困难,34.7%,Distinct Subsequences
116,填充同一层的兄弟节点,https://leetcode-cn.com/problems/populating-next-right-pointers-in-each-node/description/,中等,34.6%,Populating Next Right Pointers in Each Node
117,填充同一层的兄弟节点 II,https://leetcode-cn.com/problems/populating-next-right-pointers-in-each-node-ii/description/,中等,30.2%,Populating Next Right Pointers in Each Node II
118,杨辉三角,https://leetcode-cn.com/problems/pascals-triangle/description/,简单,50.1%,Pascal's Triangle
119,杨辉三角 II,https://leetcode-cn.com/problems/pascals-triangle-ii/description/,简单,47.7%,Pascal's Triangle II
120,三角形最小路径和,https://leetcode-cn.com/problems/triangle/description/,中等,46.6%,Triangle
121,买卖股票的最佳时机,https://leetcode-cn.com/problems/best-time-to-buy-and-sell-stock/description/,简单,41.3%,Best Time to Buy and Sell Stock
122,买卖股票的最佳时机 II,https://leetcode-cn.com/problems/best-time-to-buy-and-sell-stock-ii/description/,简单,43.8%,Best Time to Buy and Sell Stock II
123,买卖股票的最佳时机 III,https://leetcode-cn.com/problems/best-time-to-buy-and-sell-stock-iii/description/,困难,24.1%,Best Time to Buy and Sell Stock III
124,二叉树中的最大路径和,https://leetcode-cn.com/problems/binary-tree-maximum-path-sum/description/,困难,26.1%,Binary Tree Maximum Path Sum
125,验证回文串,https://leetcode-cn.com/problems/valid-palindrome/description/,简单,30.5%,Valid Palindrome
126,单词接龙 II,https://leetcode-cn.com/problems/word-ladder-ii/description/,困难,24.6%,Word Ladder II
127,单词接龙,https://leetcode-cn.com/problems/word-ladder/description/,中等,21.7%,Word Ladder
128,最长连续序列,https://leetcode-cn.com/problems/longest-consecutive-sequence/description/,困难,38.3%,Longest Consecutive Sequence
129,求根到叶子节点数字之和,https://leetcode-cn.com/problems/sum-root-to-leaf-numbers/description/,中等,46.6%,Sum Root to Leaf Numbers
130,被围绕的区域,https://leetcode-cn.com/problems/surrounded-regions/description/,中等,25.6%,Surrounded Regions
131,分割回文串,https://leetcode-cn.com/problems/palindrome-partitioning/description/,中等,55.8%,Palindrome Partitioning
132,分割回文串 II,https://leetcode-cn.com/problems/palindrome-partitioning-ii/description/,困难,26.6%,Palindrome Partitioning II
133,克隆图,https://leetcode-cn.com/problems/clone-graph/description/,中等,20.0%,Clone Graph
134,加油站,https://leetcode-cn.com/problems/gas-station/description/,中等,37.1%,Gas Station
135,分发糖果,https://leetcode-cn.com/problems/candy/description/,困难,30.3%,Candy
136,只出现一次的数字,https://leetcode-cn.com/problems/single-number/description/,简单,49.0%,Single Number
137,只出现一次的数字 II,https://leetcode-cn.com/problems/single-number-ii/description/,中等,57.1%,Single Number II
138,复制带随机指针的链表,https://leetcode-cn.com/problems/copy-list-with-random-pointer/description/,中等,20.7%,Copy List with Random Pointer
139,单词拆分,https://leetcode-cn.com/problems/word-break/description/,中等,29.6%,Word Break
140,单词拆分 II,https://leetcode-cn.com/problems/word-break-ii/description/,困难,23.6%,Word Break II
141,环形链表,https://leetcode-cn.com/problems/linked-list-cycle/description/,简单,29.3%,Linked List Cycle
142,环形链表 II,https://leetcode-cn.com/problems/linked-list-cycle-ii/description/,中等,28.5%,Linked List Cycle II
143,重排链表,https://leetcode-cn.com/problems/reorder-list/description/,中等,43.5%,Reorder List
144,二叉树的前序遍历,https://leetcode-cn.com/problems/binary-tree-preorder-traversal/description/,中等,46.8%,Binary Tree Preorder Traversal
145,二叉树的后序遍历,https://leetcode-cn.com/problems/binary-tree-postorder-traversal/description/,困难,60.3%,Binary Tree Postorder Traversal
146,LRU缓存机制,https://leetcode-cn.com/problems/lru-cache/description/,困难,29.2%,LRU Cache
147,对链表进行插入排序,https://leetcode-cn.com/problems/insertion-sort-list/description/,中等,37.1%,Insertion Sort List
148,排序链表,https://leetcode-cn.com/problems/sort-list/description/,中等,38.9%,Sort List
149,直线上最多的点数,https://leetcode-cn.com/problems/max-points-on-a-line/description/,困难,8.6%,Max Points on a Line
150,逆波兰表达式求值,https://leetcode-cn.com/problems/evaluate-reverse-polish-notation/description/,中等,33.6%,Evaluate Reverse Polish Notation
151,翻转字符串里的单词,https://leetcode-cn.com/problems/reverse-words-in-a-string/description/,中等,15.4%,Reverse Words in a String
152,乘积最大子序列,https://leetcode-cn.com/problems/maximum-product-subarray/description/,中等,26.9%,Maximum Product Subarray
153,寻找旋转排序数组中的最小值,https://leetcode-cn.com/problems/find-minimum-in-rotated-sorted-array/description/,中等,40.1%,Find Minimum in Rotated Sorted Array
154,寻找旋转排序数组中的最小值 II,https://leetcode-cn.com/problems/find-minimum-in-rotated-sorted-array-ii/description/,困难,44.1%,Find Minimum in Rotated Sorted Array II
155,最小栈,https://leetcode-cn.com/problems/min-stack/description/,简单,43.5%,Min Stack
160,相交链表,https://leetcode-cn.com/problems/intersection-of-two-linked-lists/description/,简单,29.3%,Intersection of Two Linked Lists
162,寻找峰值,https://leetcode-cn.com/problems/find-peak-element/description/,中等,38.6%,Find Peak Element
164,最大间距,https://leetcode-cn.com/problems/maximum-gap/description/,困难,43.5%,Maximum Gap
165,比较版本号,https://leetcode-cn.com/problems/compare-version-numbers/description/,中等,20.3%,Compare Version Numbers
166,分数到小数,https://leetcode-cn.com/problems/fraction-to-recurring-decimal/description/,中等,20.5%,Fraction to Recurring Decimal
167,两数之和 II - 输入有序数组,https://leetcode-cn.com/problems/two-sum-ii-input-array-is-sorted/description/,简单,40.2%,Two Sum II - Input array is sorted
168,Excel表列名称,https://leetcode-cn.com/problems/excel-sheet-column-title/description/,简单,25.1%,Excel Sheet Column Title
169,求众数,https://leetcode-cn.com/problems/majority-element/description/,简单,47.4%,Majority Element
171,Excel表列序号,https://leetcode-cn.com/problems/excel-sheet-column-number/description/,简单,54.4%,Excel Sheet Column Number
172,阶乘后的零,https://leetcode-cn.com/problems/factorial-trailing-zeroes/description/,简单,34.7%,Factorial Trailing Zeroes
173,二叉搜索树迭代器,https://leetcode-cn.com/problems/binary-search-tree-iterator/description/,中等,48.1%,Binary Search Tree Iterator
174,地下城游戏,https://leetcode-cn.com/problems/dungeon-game/description/,困难,27.2%,Dungeon Game
175,组合两个表,https://leetcode-cn.com/problems/combine-two-tables/description/,简单,58.6%,Combine Two Tables
176,第二高的薪水,https://leetcode-cn.com/problems/second-highest-salary/description/,简单,23.9%,Second Highest Salary
177,第N高的薪水,https://leetcode-cn.com/problems/nth-highest-salary/description/,中等,32.9%,Nth Highest Salary
178,分数排名,https://leetcode-cn.com/problems/rank-scores/description/,中等,39.5%,Rank Scores
179,最大数,https://leetcode-cn.com/problems/largest-number/description/,中等,22.5%,Largest Number
180,连续出现的数字,https://leetcode-cn.com/problems/consecutive-numbers/description/,中等,31.1%,Consecutive Numbers
181,超过经理收入的员工,https://leetcode-cn.com/problems/employees-earning-more-than-their-managers/description/,简单,52.9%,Employees Earning More Than Their Managers
182,查找重复的电子邮箱,https://leetcode-cn.com/problems/duplicate-emails/description/,简单,63.8%,Duplicate Emails
183,从不订购的客户,https://leetcode-cn.com/problems/customers-who-never-order/description/,简单,50.4%,Customers Who Never Order
184,部门工资最高的员工,https://leetcode-cn.com/problems/department-highest-salary/description/,中等,24.2%,Department Highest Salary
185,部门工资前三高的员工,https://leetcode-cn.com/problems/department-top-three-salaries/description/,困难,17.9%,Department Top Three Salaries
187,重复的DNA序列,https://leetcode-cn.com/problems/repeated-dna-sequences/description/,中等,38.7%,Repeated DNA Sequences
188,买卖股票的最佳时机 IV,https://leetcode-cn.com/problems/best-time-to-buy-and-sell-stock-iv/description/,困难,18.8%,Best Time to Buy and Sell Stock IV
189,旋转数组,https://leetcode-cn.com/problems/rotate-array/description/,简单,28.2%,Rotate Array
190,颠倒二进制位,https://leetcode-cn.com/problems/reverse-bits/description/,简单,28.0%,Reverse Bits
191,位1的个数,https://leetcode-cn.com/problems/number-of-1-bits/description/,简单,40.6%,Number of 1 Bits
192,统计词频,https://leetcode-cn.com/problems/word-frequency/description/,中等,20.4%,Word Frequency
193,有效电话号码,https://leetcode-cn.com/problems/valid-phone-numbers/description/,简单,20.6%,Valid Phone Numbers
194,转置文件,https://leetcode-cn.com/problems/transpose-file/description/,中等,26.4%,Transpose File
195,第十行,https://leetcode-cn.com/problems/tenth-line/description/,简单,33.7%,Tenth Line
196,删除重复的电子邮箱,https://leetcode-cn.com/problems/delete-duplicate-emails/description/,简单,38.0%,Delete Duplicate Emails
197,上升的温度,https://leetcode-cn.com/problems/rising-temperature/description/,简单,25.1%,Rising Temperature
198,打家劫舍,https://leetcode-cn.com/problems/house-robber/description/,简单,35.1%,House Robber
199,二叉树的右视图,https://leetcode-cn.com/problems/binary-tree-right-side-view/description/,中等,44.9%,Binary Tree Right Side View
200,岛屿的个数,https://leetcode-cn.com/problems/number-of-islands/description/,中等,34.0%,Number of Islands
201,数字范围按位与,https://leetcode-cn.com/problems/bitwise-and-of-numbers-range/description/,中等,28.9%,Bitwise AND of Numbers Range
202,快乐数,https://leetcode-cn.com/problems/happy-number/description/,简单,43.9%,Happy Number
203,删除链表中的节点,https://leetcode-cn.com/problems/remove-linked-list-elements/description/,简单,34.7%,Remove Linked List Elements
204,计数质数,https://leetcode-cn.com/problems/count-primes/description/,简单,17.9%,Count Primes
205,同构字符串,https://leetcode-cn.com/problems/isomorphic-strings/description/,简单,33.6%,Isomorphic Strings
206,反转链表,https://leetcode-cn.com/problems/reverse-linked-list/description/,简单,41.1%,Reverse Linked List
207,课程表,https://leetcode-cn.com/problems/course-schedule/description/,中等,36.8%,Course Schedule
208,实现 Trie (前缀树),https://leetcode-cn.com/problems/implement-trie-prefix-tree/description/,中等,39.7%,Implement Trie (Prefix Tree)
209,长度最小的子数组,https://leetcode-cn.com/problems/minimum-size-subarray-sum/description/,中等,33.6%,Minimum Size Subarray Sum
210,课程表 II,https://leetcode-cn.com/problems/course-schedule-ii/description/,中等,40.6%,Course Schedule II
211,添加与搜索单词 - 数据结构设计,https://leetcode-cn.com/problems/add-and-search-word-data-structure-design/description/,中等,40.8%,Add and Search Word - Data structure design
212,单词搜索 II,https://leetcode-cn.com/problems/word-search-ii/description/,困难,25.9%,Word Search II
213,打家劫舍 II,https://leetcode-cn.com/problems/house-robber-ii/description/,中等,25.7%,House Robber II
214,最短回文串,https://leetcode-cn.com/problems/shortest-palindrome/description/,困难,33.4%,Shortest Palindrome
215,数组中的第K个最大元素,https://leetcode-cn.com/problems/kth-largest-element-in-an-array/description/,中等,44.4%,Kth Largest Element in an Array
216,组合总和 III,https://leetcode-cn.com/problems/combination-sum-iii/description/,中等,48.4%,Combination Sum III
217,存在重复元素,https://leetcode-cn.com/problems/contains-duplicate/description/,简单,39.3%,Contains Duplicate
218,天际线问题,https://leetcode-cn.com/problems/the-skyline-problem/description/,困难,30.7%,The Skyline Problem
219,存在重复元素 II,https://leetcode-cn.com/problems/contains-duplicate-ii/description/,简单,22.2%,Contains Duplicate II
220,存在重复元素 III,https://leetcode-cn.com/problems/contains-duplicate-iii/description/,中等,14.9%,Contains Duplicate III
221,最大正方形,https://leetcode-cn.com/problems/maximal-square/description/,中等,29.3%,Maximal Square
222,完全二叉树的节点个数,https://leetcode-cn.com/problems/count-complete-tree-nodes/description/,中等,25.8%,Count Complete Tree Nodes
223,矩形面积,https://leetcode-cn.com/problems/rectangle-area/description/,中等,33.0%,Rectangle Area
224,基本计算器,https://leetcode-cn.com/problems/basic-calculator/description/,困难,25.1%,Basic Calculator
225,用队列实现栈,https://leetcode-cn.com/problems/implement-stack-using-queues/description/,简单,36.3%,Implement Stack using Queues
226,翻转二叉树,https://leetcode-cn.com/problems/invert-binary-tree/description/,简单,61.4%,Invert Binary Tree
227,基本计算器II,https://leetcode-cn.com/problems/basic-calculator-ii/description/,中等,28.3%,Basic Calculator II
228,汇总区间,https://leetcode-cn.com/problems/summary-ranges/description/,中等,46.4%,Summary Ranges
229,求众数 II,https://leetcode-cn.com/problems/majority-element-ii/description/,中等,27.2%,Majority Element II
230,二叉搜索树中第K小的元素,https://leetcode-cn.com/problems/kth-smallest-element-in-a-bst/description/,中等,48.2%,Kth Smallest Element in a BST
231,2的幂,https://leetcode-cn.com/problems/power-of-two/description/,简单,39.3%,Power of Two
232,用栈实现队列,https://leetcode-cn.com/problems/implement-queue-using-stacks/description/,简单,40.5%,Implement Queue using Stacks
233,数字1的个数,https://leetcode-cn.com/problems/number-of-digit-one/description/,困难,17.2%,Number of Digit One
234,回文链表,https://leetcode-cn.com/problems/palindrome-linked-list/description/,简单,29.5%,Palindrome Linked List
235,二叉搜索树的最近公共祖先,https://leetcode-cn.com/problems/lowest-common-ancestor-of-a-binary-search-tree/description/,简单,41.1%,Lowest Common Ancestor of a Binary Search Tree
236,二叉树的最近公共祖先,https://leetcode-cn.com/problems/lowest-common-ancestor-of-a-binary-tree/description/,中等,24.0%,Lowest Common Ancestor of a Binary Tree
237,删除链表中的节点,https://leetcode-cn.com/problems/delete-node-in-a-linked-list/description/,简单,39.0%,Delete Node in a Linked List
238,除自身以外数组的乘积,https://leetcode-cn.com/problems/product-of-array-except-self/description/,中等,49.9%,Product of Array Except Self
239,滑动窗口最大值,https://leetcode-cn.com/problems/sliding-window-maximum/description/,困难,34.8%,Sliding Window Maximum
240,搜索二维矩阵 II,https://leetcode-cn.com/problems/search-a-2d-matrix-ii/description/,中等,33.6%,Search a 2D Matrix II
241,为运算表达式设计优先级,https://leetcode-cn.com/problems/different-ways-to-add-parentheses/description/,中等,54.0%,Different Ways to Add Parentheses
242,有效的字母异位词,https://leetcode-cn.com/problems/valid-anagram/description/,简单,43.1%,Valid Anagram
257,二叉树的所有路径,https://leetcode-cn.com/problems/binary-tree-paths/description/,简单,49.8%,Binary Tree Paths
258,各位相加,https://leetcode-cn.com/problems/add-digits/description/,简单,48.6%,Add Digits
260,只出现一次的数字 III,https://leetcode-cn.com/problems/single-number-iii/description/,中等,54.8%,Single Number III
262,行程和用户,https://leetcode-cn.com/problems/trips-and-users/description/,困难,26.5%,Trips and Users
263,丑数,https://leetcode-cn.com/problems/ugly-number/description/,简单,37.9%,Ugly Number
264,丑数 II,https://leetcode-cn.com/problems/ugly-number-ii/description/,中等,24.4%,Ugly Number II
268,缺失数字,https://leetcode-cn.com/problems/missing-number/description/,简单,44.7%,Missing Number
273,整数转换英文表示,https://leetcode-cn.com/problems/integer-to-english-words/description/,困难,16.6%,Integer to English Words
274,H指数,https://leetcode-cn.com/problems/h-index/description/,中等,22.3%,H-Index
275,H指数 II,https://leetcode-cn.com/problems/h-index-ii/description/,中等,31.0%,H-Index II
278,第一个错误的版本,https://leetcode-cn.com/problems/first-bad-version/description/,简单,18.2%,First Bad Version
279,完全平方数,https://leetcode-cn.com/problems/perfect-squares/description/,中等,30.4%,Perfect Squares
282,给表达式添加运算符,https://leetcode-cn.com/problems/expression-add-operators/description/,困难,19.8%,Expression Add Operators
283,移动零,https://leetcode-cn.com/problems/move-zeroes/description/,简单,50.1%,Move Zeroes
284,顶端迭代器,https://leetcode-cn.com/problems/peeking-iterator/description/,中等,35.5%,Peeking Iterator
287,寻找重复数,https://leetcode-cn.com/problems/find-the-duplicate-number/description/,中等,44.9%,Find the Duplicate Number
289,生命游戏,https://leetcode-cn.com/problems/game-of-life/description/,中等,32.4%,Game of Life
290,单词模式,https://leetcode-cn.com/problems/word-pattern/description/,简单,31.9%,Word Pattern
292,Nim游戏,https://leetcode-cn.com/problems/nim-game/description/,简单,60.4%,Nim Game
295,数据流的中位数,https://leetcode-cn.com/problems/find-median-from-data-stream/description/,困难,23.9%,Find Median from Data Stream
297,二叉树的序列化与反序列化,https://leetcode-cn.com/problems/serialize-and-deserialize-binary-tree/description/,困难,35.1%,Serialize and Deserialize Binary Tree
299,猜数字游戏,https://leetcode-cn.com/problems/bulls-and-cows/description/,中等,44.9%,Bulls and Cows
300,最长上升子序列,https://leetcode-cn.com/problems/longest-increasing-subsequence/description/,中等,32.1%,Longest Increasing Subsequence
301,删除无效的括号,https://leetcode-cn.com/problems/remove-invalid-parentheses/description/,困难,23.8%,Remove Invalid Parentheses
303,区域和检索 - 数组不可变,https://leetcode-cn.com/problems/range-sum-query-immutable/description/,简单,47.8%,Range Sum Query - Immutable
304,二维区域和检索 - 不可变,https://leetcode-cn.com/problems/range-sum-query-2d-immutable/description/,中等,32.6%,Range Sum Query 2D - Immutable
306,累加数,https://leetcode-cn.com/problems/additive-number/description/,中等,22.9%,Additive Number
307,区域和检索 - 数组可修改,https://leetcode-cn.com/problems/range-sum-query-mutable/description/,中等,28.3%,Range Sum Query - Mutable
309,最佳买卖股票时机含冷冻期,https://leetcode-cn.com/problems/best-time-to-buy-and-sell-stock-with-cooldown/description/,中等,41.5%,Best Time to Buy and Sell Stock with Cooldown
310,最小高度树,https://leetcode-cn.com/problems/minimum-height-trees/description/,中等,26.2%,Minimum Height Trees
312,戳气球,https://leetcode-cn.com/problems/burst-balloons/description/,困难,32.8%,Burst Balloons
313,超级丑数,https://leetcode-cn.com/problems/super-ugly-number/description/,中等,36.8%,Super Ugly Number
315,计算右侧小于当前元素的个数,https://leetcode-cn.com/problems/count-of-smaller-numbers-after-self/description/,困难,28.0%,Count of Smaller Numbers After Self
316,去除重复字母,https://leetcode-cn.com/problems/remove-duplicate-letters/description/,困难,14.7%,Remove Duplicate Letters
318,最大单词长度乘积,https://leetcode-cn.com/problems/maximum-product-of-word-lengths/description/,中等,43.4%,Maximum Product of Word Lengths
319,灯泡开关,https://leetcode-cn.com/problems/bulb-switcher/description/,中等,28.9%,Bulb Switcher
321,拼接最大数,https://leetcode-cn.com/problems/create-maximum-number/description/,困难,16.9%,Create Maximum Number
322,零钱兑换,https://leetcode-cn.com/problems/coin-change/description/,中等,20.9%,Coin Change
324,摆动排序 II,https://leetcode-cn.com/problems/wiggle-sort-ii/description/,中等,23.3%,Wiggle Sort II
326,3的幂,https://leetcode-cn.com/problems/power-of-three/description/,简单,37.9%,Power of Three
327,区间和的个数,https://leetcode-cn.com/problems/count-of-range-sum/description/,困难,30.0%,Count of Range Sum
328,奇偶链表,https://leetcode-cn.com/problems/odd-even-linked-list/description/,中等,47.5%,Odd Even Linked List
329,矩阵中的最长递增路径,https://leetcode-cn.com/problems/longest-increasing-path-in-a-matrix/description/,困难,35.9%,Longest Increasing Path in a Matrix
330,按要求补齐数组,https://leetcode-cn.com/problems/patching-array/description/,困难,41.4%,Patching Array
331,验证二叉树的前序序列化,https://leetcode-cn.com/problems/verify-preorder-serialization-of-a-binary-tree/description/,中等,28.5%,Verify Preorder Serialization of a Binary Tree
332,Reconstruct Itinerary,https://leetcode-cn.com/problems/reconstruct-itinerary/description/,中等,37.8%,Reconstruct Itinerary
334,递增的三元子序列,https://leetcode-cn.com/problems/increasing-triplet-subsequence/description/,中等,29.8%,Increasing Triplet Subsequence
335,路径交叉,https://leetcode-cn.com/problems/self-crossing/description/,困难,17.2%,Self Crossing
336,回文对,https://leetcode-cn.com/problems/palindrome-pairs/description/,困难,18.5%,Palindrome Pairs
337,打家劫舍 III,https://leetcode-cn.com/problems/house-robber-iii/description/,中等,45.4%,House Robber III
338,Bit位计数,https://leetcode-cn.com/problems/counting-bits/description/,中等,68.3%,Counting Bits
341,扁平化嵌套列表迭代器,https://leetcode-cn.com/problems/flatten-nested-list-iterator/description/,中等,37.0%,Flatten Nested List Iterator
342,4的幂,https://leetcode-cn.com/problems/power-of-four/description/,简单,40.8%,Power of Four
343,整数拆分,https://leetcode-cn.com/problems/integer-break/description/,中等,46.9%,Integer Break
344,反转字符串,https://leetcode-cn.com/problems/reverse-string/description/,简单,61.9%,Reverse String
345,反转字符串中的元音字母,https://leetcode-cn.com/problems/reverse-vowels-of-a-string/description/,简单,38.6%,Reverse Vowels of a String
347,前K个高频元素,https://leetcode-cn.com/problems/top-k-frequent-elements/description/,中等,47.2%,Top K Frequent Elements
349,两个数组的交集,https://leetcode-cn.com/problems/intersection-of-two-arrays/description/,简单,45.8%,Intersection of Two Arrays
350,两个数组的交集 II,https://leetcode-cn.com/problems/intersection-of-two-arrays-ii/description/,简单,32.4%,Intersection of Two Arrays II
352,Data Stream as Disjoint Intervals,https://leetcode-cn.com/problems/data-stream-as-disjoint-intervals/description/,困难,66.7%,Data Stream as Disjoint Intervals
354,俄罗斯套娃信封问题,https://leetcode-cn.com/problems/russian-doll-envelopes/description/,困难,20.0%,Russian Doll Envelopes
355,设计推特,https://leetcode-cn.com/problems/design-twitter/description/,中等,20.0%,Design Twitter
357,计算各个位数不同的数字个数,https://leetcode-cn.com/problems/count-numbers-with-unique-digits/description/,中等,35.2%,Count Numbers with Unique Digits
363,Max Sum of Rectangle No Larger Than K,https://leetcode-cn.com/problems/max-sum-of-rectangle-no-larger-than-k/description/,困难,16.4%,Max Sum of Rectangle No Larger Than K
365,水壶问题,https://leetcode-cn.com/problems/water-and-jug-problem/description/,中等,15.5%,Water and Jug Problem
367,有效的完全平方数,https://leetcode-cn.com/problems/valid-perfect-square/description/,简单,35.8%,Valid Perfect Square
368,最大整除子集,https://leetcode-cn.com/problems/largest-divisible-subset/description/,中等,30.6%,Largest Divisible Subset
371,两整数之和,https://leetcode-cn.com/problems/sum-of-two-integers/description/,简单,54.5%,Sum of Two Integers
372,超级次方,https://leetcode-cn.com/problems/super-pow/description/,中等,18.1%,Super Pow
373,查找和最小的K对数字,https://leetcode-cn.com/problems/find-k-pairs-with-smallest-sums/description/,中等,30.0%,Find K Pairs with Smallest Sums
374,猜数字大小,https://leetcode-cn.com/problems/guess-number-higher-or-lower/description/,简单,28.4%,Guess Number Higher or Lower
375,猜数字大小 II,https://leetcode-cn.com/problems/guess-number-higher-or-lower-ii/description/,中等,22.9%,Guess Number Higher or Lower II
376,摆动序列,https://leetcode-cn.com/problems/wiggle-subsequence/description/,中等,29.0%,Wiggle Subsequence
377,Combination Sum IV,https://leetcode-cn.com/problems/combination-sum-iv/description/,中等,41.9%,Combination Sum IV
378,有序矩阵中第K小的元素,https://leetcode-cn.com/problems/kth-smallest-element-in-a-sorted-matrix/description/,中等,52.4%,Kth Smallest Element in a Sorted Matrix
380,常数时间插入、删除和获取随机元素,https://leetcode-cn.com/problems/insert-delete-getrandom-o1/description/,中等,39.2%,Insert Delete GetRandom O(1)
381,O(1) 时间插入、删除和获取随机元素 - 允许重复,https://leetcode-cn.com/problems/insert-delete-getrandom-o1-duplicates-allowed/description/,困难,32.7%,Insert Delete GetRandom O(1) - Duplicates allowed
382,链表随机节点,https://leetcode-cn.com/problems/linked-list-random-node/description/,中等,41.4%,Linked List Random Node
383,赎金信,https://leetcode-cn.com/problems/ransom-note/description/,简单,42.2%,Ransom Note
384,打乱数组,https://leetcode-cn.com/problems/shuffle-an-array/description/,中等,42.3%,Shuffle an Array
385,Mini Parser,https://leetcode-cn.com/problems/mini-parser/description/,中等,34.0%,Mini Parser
386,字典序排数,https://leetcode-cn.com/problems/lexicographical-numbers/description/,中等,34.8%,Lexicographical Numbers
387,字符串中的第一个唯一字符,https://leetcode-cn.com/problems/first-unique-character-in-a-string/description/,简单,30.8%,First Unique Character in a String
388,文件的最长绝对路径,https://leetcode-cn.com/problems/longest-absolute-file-path/description/,中等,28.4%,Longest Absolute File Path
389,找不同,https://leetcode-cn.com/problems/find-the-difference/description/,简单,47.0%,Find the Difference
390,消除游戏,https://leetcode-cn.com/problems/elimination-game/description/,中等,46.1%,Elimination Game
391,完美矩形,https://leetcode-cn.com/problems/perfect-rectangle/description/,困难,11.2%,Perfect Rectangle
392,判断子序列,https://leetcode-cn.com/problems/is-subsequence/description/,中等,42.2%,Is Subsequence
393,UTF-8 编码验证,https://leetcode-cn.com/problems/utf-8-validation/description/,中等,42.7%,UTF-8 Validation
394,字符串解码,https://leetcode-cn.com/problems/decode-string/description/,中等,37.8%,Decode String
395,至少有K个重复字符的最长子串,https://leetcode-cn.com/problems/longest-substring-with-at-least-k-repeating-characters/description/,中等,29.7%,Longest Substring with At Least K Repeating Characters
396,旋转函数,https://leetcode-cn.com/problems/rotate-function/description/,中等,19.2%,Rotate Function
397,整数替换,https://leetcode-cn.com/problems/integer-replacement/description/,中等,22.2%,Integer Replacement
398,随机数索引,https://leetcode-cn.com/problems/random-pick-index/description/,中等,28.7%,Random Pick Index
399,除法求值,https://leetcode-cn.com/problems/evaluate-division/description/,中等,43.5%,Evaluate Division
400,第N个数字,https://leetcode-cn.com/problems/nth-digit/description/,简单,26.6%,Nth Digit
401,二进制手表,https://leetcode-cn.com/problems/binary-watch/description/,简单,34.9%,Binary Watch
402,移掉K位数字,https://leetcode-cn.com/problems/remove-k-digits/description/,中等,19.3%,Remove K Digits
403,青蛙过河,https://leetcode-cn.com/problems/frog-jump/description/,困难,16.0%,Frog Jump
404,左叶子之和,https://leetcode-cn.com/problems/sum-of-left-leaves/description/,简单,42.9%,Sum of Left Leaves
405,数字转换为十六进制数,https://leetcode-cn.com/problems/convert-a-number-to-hexadecimal/description/,简单,39.3%,Convert a Number to Hexadecimal
406,根据身高重建队列,https://leetcode-cn.com/problems/queue-reconstruction-by-height/description/,中等,47.8%,Queue Reconstruction by Height
407,接雨水 II,https://leetcode-cn.com/problems/trapping-rain-water-ii/description/,困难,16.8%,Trapping Rain Water II
409,最长回文串,https://leetcode-cn.com/problems/longest-palindrome/description/,简单,40.2%,Longest Palindrome
410,分割数组的最大值,https://leetcode-cn.com/problems/split-array-largest-sum/description/,困难,26.4%,Split Array Largest Sum
412,Fizz Buzz,https://leetcode-cn.com/problems/fizz-buzz/description/,简单,52.1%,Fizz Buzz
413,等差数列划分,https://leetcode-cn.com/problems/arithmetic-slices/description/,中等,54.7%,Arithmetic Slices
414,第三大的数,https://leetcode-cn.com/problems/third-maximum-number/description/,简单,27.5%,Third Maximum Number
415,字符串相加,https://leetcode-cn.com/problems/add-strings/description/,简单,38.8%,Add Strings
416,Partition Equal Subset Sum,https://leetcode-cn.com/problems/partition-equal-subset-sum/description/,中等,27.7%,Partition Equal Subset Sum
417,Pacific Atlantic Water Flow,https://leetcode-cn.com/problems/pacific-atlantic-water-flow/description/,中等,37.8%,Pacific Atlantic Water Flow
419,甲板上的战舰,https://leetcode-cn.com/problems/battleships-in-a-board/description/,中等,45.0%,Battleships in a Board
420,强密码检验器,https://leetcode-cn.com/problems/strong-password-checker/description/,困难,10.5%,Strong Password Checker
421,数组中两个数的最大异或值,https://leetcode-cn.com/problems/maximum-xor-of-two-numbers-in-an-array/description/,中等,45.8%,Maximum XOR of Two Numbers in an Array
423,从英文中重建数字,https://leetcode-cn.com/problems/reconstruct-original-digits-from-english/description/,中等,41.2%,Reconstruct Original Digits from English
424,替换后的最长重复字符,https://leetcode-cn.com/problems/longest-repeating-character-replacement/description/,中等,13.2%,Longest Repeating Character Replacement
432,全 O(1) 的数据结构,https://leetcode-cn.com/problems/all-oone-data-structure/description/,困难,25.0%,All O`one Data Structure
433,最小基因变化,https://leetcode-cn.com/problems/minimum-genetic-mutation/description/,中等,24.5%,Minimum Genetic Mutation
434,字符串中的单词数,https://leetcode-cn.com/problems/number-of-segments-in-a-string/description/,简单,25.2%,Number of Segments in a String
435,无重叠区间,https://leetcode-cn.com/problems/non-overlapping-intervals/description/,中等,26.6%,Non-overlapping Intervals
436,寻找右区间,https://leetcode-cn.com/problems/find-right-interval/description/,中等,33.1%,Find Right Interval
437,路径总和 III,https://leetcode-cn.com/problems/path-sum-iii/description/,简单,36.4%,Path Sum III
438,找到字符串中所有字母异位词,https://leetcode-cn.com/problems/find-all-anagrams-in-a-string/description/,简单,22.2%,Find All Anagrams in a String
440,字典序的第K小数字,https://leetcode-cn.com/problems/k-th-smallest-in-lexicographical-order/description/,困难,15.9%,K-th Smallest in Lexicographical Order
441,排列硬币,https://leetcode-cn.com/problems/arranging-coins/description/,简单,28.4%,Arranging Coins
442,数组中重复的数据,https://leetcode-cn.com/problems/find-all-duplicates-in-an-array/description/,中等,54.5%,Find All Duplicates in an Array
443,压缩字符串,https://leetcode-cn.com/problems/string-compression/description/,简单,26.6%,String Compression
445,两数相加 II,https://leetcode-cn.com/problems/add-two-numbers-ii/description/,中等,40.6%,Add Two Numbers II
446,Arithmetic Slices II - Subsequence,https://leetcode-cn.com/problems/arithmetic-slices-ii-subsequence/description/,困难,21.4%,Arithmetic Slices II - Subsequence
447,回旋镖的数量,https://leetcode-cn.com/problems/number-of-boomerangs/description/,简单,41.8%,Number of Boomerangs
448,找到所有数组中消失的数字,https://leetcode-cn.com/problems/find-all-numbers-disappeared-in-an-array/description/,简单,40.7%,Find All Numbers Disappeared in an Array
449,Serialize and Deserialize BST,https://leetcode-cn.com/problems/serialize-and-deserialize-bst/description/,中等,40.7%,Serialize and Deserialize BST
450,删除二叉搜索树中的节点,https://leetcode-cn.com/problems/delete-node-in-a-bst/description/,中等,31.7%,Delete Node in a BST
451,根据字符出现频率排序,https://leetcode-cn.com/problems/sort-characters-by-frequency/description/,中等,45.5%,Sort Characters By Frequency
452,用最少数量的箭引爆气球,https://leetcode-cn.com/problems/minimum-number-of-arrows-to-burst-balloons/description/,中等,33.7%,Minimum Number of Arrows to Burst Balloons
453,最小移动次数使数组元素相等,https://leetcode-cn.com/problems/minimum-moves-to-equal-array-elements/description/,简单,42.0%,Minimum Moves to Equal Array Elements
454,四数相加 II,https://leetcode-cn.com/problems/4sum-ii/description/,中等,38.3%,4Sum II
455,分发饼干,https://leetcode-cn.com/problems/assign-cookies/description/,简单,39.8%,Assign Cookies
456,132模式,https://leetcode-cn.com/problems/132-pattern/description/,中等,17.5%,132 Pattern
457,环形数组循环,https://leetcode-cn.com/problems/circular-array-loop/description/,中等,34.9%,Circular Array Loop
458,可怜的小猪,https://leetcode-cn.com/problems/poor-pigs/description/,简单,39.5%,Poor Pigs
459,重复的子字符串,https://leetcode-cn.com/problems/repeated-substring-pattern/description/,简单,29.8%,Repeated Substring Pattern
460,LFU缓存,https://leetcode-cn.com/problems/lfu-cache/description/,困难,18.6%,LFU Cache
461,汉明距离,https://leetcode-cn.com/problems/hamming-distance/description/,简单,62.9%,Hamming Distance
462,最少移动次数使数组元素相等 II,https://leetcode-cn.com/problems/minimum-moves-to-equal-array-elements-ii/description/,中等,42.0%,Minimum Moves to Equal Array Elements II
463,岛屿的周长,https://leetcode-cn.com/problems/island-perimeter/description/,简单,56.1%,Island Perimeter
464,Can I Win,https://leetcode-cn.com/problems/can-i-win/description/,中等,20.9%,Can I Win
466,Count The Repetitions,https://leetcode-cn.com/problems/count-the-repetitions/description/,困难,39.5%,Count The Repetitions
467,Unique Substrings in Wraparound String,https://leetcode-cn.com/problems/unique-substrings-in-wraparound-string/description/,中等,23.9%,Unique Substrings in Wraparound String
468,验证IP地址,https://leetcode-cn.com/problems/validate-ip-address/description/,中等,17.9%,Validate IP Address
472,连接词,https://leetcode-cn.com/problems/concatenated-words/description/,困难,21.4%,Concatenated Words
473,火柴拼正方形,https://leetcode-cn.com/problems/matchsticks-to-square/description/,中等,23.3%,Matchsticks to Square
474,一和零,https://leetcode-cn.com/problems/ones-and-zeroes/description/,中等,30.2%,Ones and Zeroes
475,供暖器,https://leetcode-cn.com/problems/heaters/description/,简单,19.8%,Heaters
476,数字的补数,https://leetcode-cn.com/problems/number-complement/description/,简单,63.4%,Number Complement
477,汉明距离总和,https://leetcode-cn.com/problems/total-hamming-distance/description/,中等,34.4%,Total Hamming Distance
479,最大回文数乘积,https://leetcode-cn.com/problems/largest-palindrome-product/description/,简单,16.9%,Largest Palindrome Product
480,Sliding Window Median,https://leetcode-cn.com/problems/sliding-window-median/description/,困难,12.7%,Sliding Window Median
481,Magical String,https://leetcode-cn.com/problems/magical-string/description/,中等,34.1%,Magical String
482,License Key Formatting,https://leetcode-cn.com/problems/license-key-formatting/description/,简单,32.3%,License Key Formatting
483,Smallest Good Base,https://leetcode-cn.com/problems/smallest-good-base/description/,困难,21.7%,Smallest Good Base
485,最大连续1的个数,https://leetcode-cn.com/problems/max-consecutive-ones/description/,简单,50.1%,Max Consecutive Ones
486,预测赢家,https://leetcode-cn.com/problems/predict-the-winner/description/,中等,36.8%,Predict the Winner
488,祖玛游戏,https://leetcode-cn.com/problems/zuma-game/description/,困难,27.8%,Zuma Game
491,递增子序列,https://leetcode-cn.com/problems/increasing-subsequences/description/,中等,30.6%,Increasing Subsequences
492,构造矩形,https://leetcode-cn.com/problems/construct-the-rectangle/description/,简单,41.4%,Construct the Rectangle
493,翻转对,https://leetcode-cn.com/problems/reverse-pairs/description/,困难,13.6%,Reverse Pairs
494,目标和,https://leetcode-cn.com/problems/target-sum/description/,中等,31.7%,Target Sum
495,提莫攻击,https://leetcode-cn.com/problems/teemo-attacking/description/,中等,42.2%,Teemo Attacking
496,下一个更大元素 I,https://leetcode-cn.com/problems/next-greater-element-i/description/,简单,52.3%,Next Greater Element I
498,对角线遍历,https://leetcode-cn.com/problems/diagonal-traverse/description/,中等,25.5%,Diagonal Traverse
500,键盘行,https://leetcode-cn.com/problems/keyboard-row/description/,简单,60.5%,Keyboard Row
501,Find Mode in Binary Search Tree,https://leetcode-cn.com/problems/find-mode-in-binary-search-tree/description/,简单,34.3%,Find Mode in Binary Search Tree
502,IPO,https://leetcode-cn.com/problems/ipo/description/,困难,30.8%,IPO
503,下一个更大元素 II,https://leetcode-cn.com/problems/next-greater-element-ii/description/,中等,36.9%,Next Greater Element II
504,七进制数,https://leetcode-cn.com/problems/base-7/description/,简单,36.0%,Base 7
506,相对名次,https://leetcode-cn.com/problems/relative-ranks/description/,简单,40.0%,Relative Ranks
507,完美数,https://leetcode-cn.com/problems/perfect-number/description/,简单,25.2%,Perfect Number
508,Most Frequent Subtree Sum,https://leetcode-cn.com/problems/most-frequent-subtree-sum/description/,中等,49.5%,Most Frequent Subtree Sum
513,找树左下角的值,https://leetcode-cn.com/problems/find-bottom-left-tree-value/description/,中等,49.3%,Find Bottom Left Tree Value
514,Freedom Trail,https://leetcode-cn.com/problems/freedom-trail/description/,困难,35.5%,Freedom Trail
515,在每个树行中找最大值,https://leetcode-cn.com/problems/find-largest-value-in-each-tree-row/description/,中等,48.0%,Find Largest Value in Each Tree Row
516,最长回文子序列,https://leetcode-cn.com/problems/longest-palindromic-subsequence/description/,中等,35.3%,Longest Palindromic Subsequence
517,Super Washing Machines,https://leetcode-cn.com/problems/super-washing-machines/description/,困难,26.2%,Super Washing Machines
518,零钱兑换 II,https://leetcode-cn.com/problems/coin-change-2/description/,中等,27.5%,Coin Change 2
520,检测大写字母,https://leetcode-cn.com/problems/detect-capital/description/,简单,48.9%,Detect Capital
521,最长特殊序列 Ⅰ,https://leetcode-cn.com/problems/longest-uncommon-subsequence-i/description/,简单,47.8%,Longest Uncommon Subsequence I 
522,Longest Uncommon Subsequence II,https://leetcode-cn.com/problems/longest-uncommon-subsequence-ii/description/,中等,25.6%,Longest Uncommon Subsequence II
523,Continuous Subarray Sum,https://leetcode-cn.com/problems/continuous-subarray-sum/description/,中等,16.8%,Continuous Subarray Sum
524,通过删除字母匹配到字典里最长单词,https://leetcode-cn.com/problems/longest-word-in-dictionary-through-deleting/description/,中等,34.8%,Longest Word in Dictionary through Deleting
525,连续数组,https://leetcode-cn.com/problems/contiguous-array/description/,中等,32.9%,Contiguous Array
526,Beautiful Arrangement,https://leetcode-cn.com/problems/beautiful-arrangement/description/,中等,27.0%,Beautiful Arrangement
529,扫雷游戏,https://leetcode-cn.com/problems/minesweeper/description/,中等,43.2%,Minesweeper
530,二叉搜索树的最小绝对差,https://leetcode-cn.com/problems/minimum-absolute-difference-in-bst/description/,简单,47.2%,Minimum Absolute Difference in BST
532,数组中的K-diff数对,https://leetcode-cn.com/problems/k-diff-pairs-in-an-array/description/,简单,22.7%,K-diff Pairs in an Array
535,TinyURL 的加密与解密,https://leetcode-cn.com/problems/encode-and-decode-tinyurl/description/,中等,66.4%,Encode and Decode TinyURL
537,复数乘法,https://leetcode-cn.com/problems/complex-number-multiplication/description/,中等,60.8%,Complex Number Multiplication
538,把二叉搜索树转换为累加树,https://leetcode-cn.com/problems/convert-bst-to-greater-tree/description/,简单,45.7%,Convert BST to Greater Tree
539,最小时间差,https://leetcode-cn.com/problems/minimum-time-difference/description/,中等,24.7%,Minimum Time Difference
540,有序数组中的单一元素,https://leetcode-cn.com/problems/single-element-in-a-sorted-array/description/,中等,52.4%,Single Element in a Sorted Array
541,反转字符串 II,https://leetcode-cn.com/problems/reverse-string-ii/description/,简单,35.9%,Reverse String II
542,01 矩阵,https://leetcode-cn.com/problems/01-matrix/description/,中等,25.3%,01 Matrix
543,二叉树的直径,https://leetcode-cn.com/problems/diameter-of-binary-tree/description/,简单,35.4%,Diameter of Binary Tree
546,Remove Boxes,https://leetcode-cn.com/problems/remove-boxes/description/,困难,64.3%,Remove Boxes
547,朋友圈,https://leetcode-cn.com/problems/friend-circles/description/,中等,37.2%,Friend Circles
551,学生出勤纪录 I,https://leetcode-cn.com/problems/student-attendance-record-i/description/,简单,42.3%,Student Attendance Record I
552,学生出勤记录 II,https://leetcode-cn.com/problems/student-attendance-record-ii/description/,困难,33.3%,Student Attendance Record II
553,最优除法,https://leetcode-cn.com/problems/optimal-division/description/,中等,43.3%,Optimal Division
554,Brick Wall,https://leetcode-cn.com/problems/brick-wall/description/,中等,44.8%,Brick Wall
556,下一个更大元素 III,https://leetcode-cn.com/problems/next-greater-element-iii/description/,中等,18.3%,Next Greater Element III
557,反转字符串中的单词 III,https://leetcode-cn.com/problems/reverse-words-in-a-string-iii/description/,简单,60.1%,Reverse Words in a String III
560,和为K的子数组,https://leetcode-cn.com/problems/subarray-sum-equals-k/description/,中等,30.0%,Subarray Sum Equals K
561,数组拆分 I,https://leetcode-cn.com/problems/array-partition-i/description/,简单,56.6%,Array Partition I
563,二叉树的坡度,https://leetcode-cn.com/problems/binary-tree-tilt/description/,简单,43.8%,Binary Tree Tilt
564,寻找最近的回文数,https://leetcode-cn.com/problems/find-the-closest-palindrome/description/,困难,9.4%,Find the Closest Palindrome
565,数组嵌套,https://leetcode-cn.com/problems/array-nesting/description/,中等,36.2%,Array Nesting
566,重塑矩阵,https://leetcode-cn.com/problems/reshape-the-matrix/description/,简单,52.4%,Reshape the Matrix
567,字符串的排列,https://leetcode-cn.com/problems/permutation-in-string/description/,中等,25.0%,Permutation in String
572,另一个树的子树,https://leetcode-cn.com/problems/subtree-of-another-tree/description/,简单,36.0%,Subtree of Another Tree
575,分糖果,https://leetcode-cn.com/problems/distribute-candies/description/,简单,52.1%,Distribute Candies
576,出界的路径数,https://leetcode-cn.com/problems/out-of-boundary-paths/description/,中等,19.1%,Out of Boundary Paths
581,最短无序连续子数组,https://leetcode-cn.com/problems/shortest-unsorted-continuous-subarray/description/,简单,25.5%,Shortest Unsorted Continuous Subarray
583,两个字符串的删除操作,https://leetcode-cn.com/problems/delete-operation-for-two-strings/description/,中等,31.8%,Delete Operation for Two Strings
587,安装栅栏,https://leetcode-cn.com/problems/erect-the-fence/description/,困难,14.5%,Erect the Fence
591,标签验证器,https://leetcode-cn.com/problems/tag-validator/description/,困难,19.6%,Tag Validator
592,分数加减运算,https://leetcode-cn.com/problems/fraction-addition-and-subtraction/description/,中等,46.3%,Fraction Addition and Subtraction
593,有效的正方形,https://leetcode-cn.com/problems/valid-square/description/,中等,33.4%,Valid Square
594,最长和谐子序列,https://leetcode-cn.com/problems/longest-harmonious-subsequence/description/,简单,29.1%,Longest Harmonious Subsequence
595,大的国家,https://leetcode-cn.com/problems/big-countries/description/,简单,65.6%,Big Countries
596,超过5名学生的课,https://leetcode-cn.com/problems/classes-more-than-5-students/description/,简单,27.4%,Classes More Than 5 Students
598,范围求和 II,https://leetcode-cn.com/problems/range-addition-ii/description/,简单,43.0%,Range Addition II
599,两个列表的最小索引总和,https://leetcode-cn.com/problems/minimum-index-sum-of-two-lists/description/,简单,41.9%,Minimum Index Sum of Two Lists
600,不含连续1的非负整数,https://leetcode-cn.com/problems/non-negative-integers-without-consecutive-ones/description/,困难,12.5%,Non-negative Integers without Consecutive Ones
601,体育馆的人流量,https://leetcode-cn.com/problems/human-traffic-of-stadium/description/,困难,25.4%,Human Traffic of Stadium
605,种花问题,https://leetcode-cn.com/problems/can-place-flowers/description/,简单,21.2%,Can Place Flowers
606,根据二叉树创建字符串,https://leetcode-cn.com/problems/construct-string-from-binary-tree/description/,简单,44.2%,Construct String from Binary Tree
609,Find Duplicate File in System,https://leetcode-cn.com/problems/find-duplicate-file-in-system/description/,中等,38.9%,Find Duplicate File in System
611,有效三角形的个数,https://leetcode-cn.com/problems/valid-triangle-number/description/,中等,40.1%,Valid Triangle Number
617,合并二叉树,https://leetcode-cn.com/problems/merge-two-binary-trees/description/,简单,61.6%,Merge Two Binary Trees
620,有趣的电影,https://leetcode-cn.com/problems/not-boring-movies/description/,简单,58.4%,Not Boring Movies
621,任务调度器,https://leetcode-cn.com/problems/task-scheduler/description/,中等,42.6%,Task Scheduler
623,在二叉树中增加一行,https://leetcode-cn.com/problems/add-one-row-to-tree/description/,中等,34.3%,Add One Row to Tree
626,换座位,https://leetcode-cn.com/problems/exchange-seats/description/,中等,50.8%,Exchange Seats
627,交换工资,https://leetcode-cn.com/problems/swap-salary/description/,简单,57.2%,Swap Salary
628,三个数的最大乘积,https://leetcode-cn.com/problems/maximum-product-of-three-numbers/description/,简单,35.4%,Maximum Product of Three Numbers
629,K个逆序对数组,https://leetcode-cn.com/problems/k-inverse-pairs-array/description/,困难,24.6%,K Inverse Pairs Array
630,Course Schedule III,https://leetcode-cn.com/problems/course-schedule-iii/description/,困难,30.0%,Course Schedule III
632,最小区间,https://leetcode-cn.com/problems/smallest-range/description/,困难,40.0%,Smallest Range
633,平方数之和,https://leetcode-cn.com/problems/sum-of-square-numbers/description/,简单,21.4%,Sum of Square Numbers
636,函数的独占时间,https://leetcode-cn.com/problems/exclusive-time-of-functions/description/,中等,36.4%,Exclusive Time of Functions
637,二叉树的层平均值,https://leetcode-cn.com/problems/average-of-levels-in-binary-tree/description/,简单,50.7%,Average of Levels in Binary Tree
638,大礼包,https://leetcode-cn.com/problems/shopping-offers/description/,中等,54.6%,Shopping Offers
639,解码方法 2,https://leetcode-cn.com/problems/decode-ways-ii/description/,困难,25.9%,Decode Ways II
640,求解方程,https://leetcode-cn.com/problems/solve-the-equation/description/,中等,34.8%,Solve the Equation
643,子数组最大平均数 I,https://leetcode-cn.com/problems/maximum-average-subarray-i/description/,简单,30.9%,Maximum Average Subarray I
645,错误的集合,https://leetcode-cn.com/problems/set-mismatch/description/,简单,28.2%,Set Mismatch
646,最长数对链,https://leetcode-cn.com/problems/maximum-length-of-pair-chain/description/,中等,45.1%,Maximum Length of Pair Chain
647,回文子串,https://leetcode-cn.com/problems/palindromic-substrings/description/,中等,50.9%,Palindromic Substrings
648,单词替换,https://leetcode-cn.com/problems/replace-words/description/,中等,50.5%,Replace Words
649,Dota2 Senate,https://leetcode-cn.com/problems/dota2-senate/description/,中等,22.7%,Dota2 Senate
650,只有两个键的键盘,https://leetcode-cn.com/problems/2-keys-keyboard/description/,中等,41.9%,2 Keys Keyboard
652,Find Duplicate Subtrees,https://leetcode-cn.com/problems/find-duplicate-subtrees/description/,中等,51.8%,Find Duplicate Subtrees
653,两数之和 IV - 输入 BST,https://leetcode-cn.com/problems/two-sum-iv-input-is-a-bst/description/,简单,44.3%,Two Sum IV - Input is a BST
654,最大二叉树,https://leetcode-cn.com/problems/maximum-binary-tree/description/,中等,63.1%,Maximum Binary Tree
655,输出二叉树,https://leetcode-cn.com/problems/print-binary-tree/description/,中等,58.9%,Print Binary Tree
657,判断路线成圈,https://leetcode-cn.com/problems/judge-route-circle/description/,简单,65.5%,Judge Route Circle
658,Find K Closest Elements,https://leetcode-cn.com/problems/find-k-closest-elements/description/,中等,27.6%,Find K Closest Elements
659,Split Array into Consecutive Subsequences,https://leetcode-cn.com/problems/split-array-into-consecutive-subsequences/description/,中等,29.3%,Split Array into Consecutive Subsequences
661,图片平滑器,https://leetcode-cn.com/problems/image-smoother/description/,简单,43.1%,Image Smoother
662,二叉树最大宽度,https://leetcode-cn.com/problems/maximum-width-of-binary-tree/description/,中等,32.5%,Maximum Width of Binary Tree
664,奇怪的打印机,https://leetcode-cn.com/problems/strange-printer/description/,困难,39.5%,Strange Printer
665,非递减数列,https://leetcode-cn.com/problems/non-decreasing-array/description/,简单,16.0%,Non-decreasing Array
667,Beautiful Arrangement II,https://leetcode-cn.com/problems/beautiful-arrangement-ii/description/,中等,38.1%,Beautiful Arrangement II
668,乘法表中第k小的数,https://leetcode-cn.com/problems/kth-smallest-number-in-multiplication-table/description/,困难,16.4%,Kth Smallest Number in Multiplication Table
669,修剪二叉搜索树,https://leetcode-cn.com/problems/trim-a-binary-search-tree/description/,简单,55.2%,Trim a Binary Search Tree
670,最大交换,https://leetcode-cn.com/problems/maximum-swap/description/,中等,28.9%,Maximum Swap
671,二叉树中第二小的节点,https://leetcode-cn.com/problems/second-minimum-node-in-a-binary-tree/description/,简单,42.5%,Second Minimum Node In a Binary Tree
672,Bulb Switcher II,https://leetcode-cn.com/problems/bulb-switcher-ii/description/,中等,48.6%,Bulb Switcher II
673,最长递增子序列的个数,https://leetcode-cn.com/problems/number-of-longest-increasing-subsequence/description/,中等,20.3%,Number of Longest Increasing Subsequence
674,最长连续递增序列,https://leetcode-cn.com/problems/longest-continuous-increasing-subsequence/description/,简单,31.5%,Longest Continuous Increasing Subsequence
675,Cut Off Trees for Golf Event,https://leetcode-cn.com/problems/cut-off-trees-for-golf-event/description/,困难,31.3%,Cut Off Trees for Golf Event
676,实现一个魔法字典,https://leetcode-cn.com/problems/implement-magic-dictionary/description/,中等,39.1%,Implement Magic Dictionary
677,键值映射,https://leetcode-cn.com/problems/map-sum-pairs/description/,中等,54.3%,Map Sum Pairs
678,有效的括号字符串,https://leetcode-cn.com/problems/valid-parenthesis-string/description/,中等,17.6%,Valid Parenthesis String
679,24点游戏,https://leetcode-cn.com/problems/24-game/description/,困难,22.9%,24 Game
680,验证回文字符串 Ⅱ,https://leetcode-cn.com/problems/valid-palindrome-ii/description/,简单,22.7%,Valid Palindrome II
682,棒球比赛,https://leetcode-cn.com/problems/baseball-game/description/,简单,54.3%,Baseball Game
684,冗余连接,https://leetcode-cn.com/problems/redundant-connection/description/,中等,45.3%,Redundant Connection
685,冗余连接 II,https://leetcode-cn.com/problems/redundant-connection-ii/description/,困难,25.5%,Redundant Connection II
686,重复叠加字符串匹配,https://leetcode-cn.com/problems/repeated-string-match/description/,简单,20.4%,Repeated String Match
687,最长同值路径,https://leetcode-cn.com/problems/longest-univalue-path/description/,简单,27.6%,Longest Univalue Path
688,“马”在棋盘上的概率,https://leetcode-cn.com/problems/knight-probability-in-chessboard/description/,中等,31.8%,Knight Probability in Chessboard
689,三个无重叠子数组的最大和,https://leetcode-cn.com/problems/maximum-sum-of-3-non-overlapping-subarrays/description/,困难,41.0%,Maximum Sum of 3 Non-Overlapping Subarrays
690,员工的重要性,https://leetcode-cn.com/problems/employee-importance/description/,简单,45.8%,Employee Importance
691,Stickers to Spell Word,https://leetcode-cn.com/problems/stickers-to-spell-word/description/,困难,28.2%,Stickers to Spell Word
692,前K个高频单词,https://leetcode-cn.com/problems/top-k-frequent-words/description/,中等,31.2%,Top K Frequent Words
693,交替位二进制数,https://leetcode-cn.com/problems/binary-number-with-alternating-bits/description/,简单,58.1%,Binary Number with Alternating Bits
695,岛屿的最大面积,https://leetcode-cn.com/problems/max-area-of-island/description/,简单,47.6%,Max Area of Island
696,计数二进制子串,https://leetcode-cn.com/problems/count-binary-substrings/description/,简单,42.4%,Count Binary Substrings
697,数组的度,https://leetcode-cn.com/problems/degree-of-an-array/description/,简单,42.3%,Degree of an Array
698,划分为k个相等的子集,https://leetcode-cn.com/problems/partition-to-k-equal-sum-subsets/description/,中等,26.3%,Partition to K Equal Sum Subsets
699,Falling Squares,https://leetcode-cn.com/problems/falling-squares/description/,困难,39.5%,Falling Squares
712,两个字符串的最小ASCII删除和,https://leetcode-cn.com/problems/minimum-ascii-delete-sum-for-two-strings/description/,中等,49.8%,Minimum ASCII Delete Sum for Two Strings
713,乘积小于K的子数组,https://leetcode-cn.com/problems/subarray-product-less-than-k/description/,中等,28.5%,Subarray Product Less Than K
714,买卖股票的最佳时机含手续费,https://leetcode-cn.com/problems/best-time-to-buy-and-sell-stock-with-transaction-fee/description/,中等,29.5%,Best Time to Buy and Sell Stock with Transaction Fee
715,Range Module,https://leetcode-cn.com/problems/range-module/description/,困难,27.3%,Range Module
717,1比特与2比特字符,https://leetcode-cn.com/problems/1-bit-and-2-bit-characters/description/,简单,39.3%,1-bit and 2-bit Characters
718,最长重复子数组,https://leetcode-cn.com/problems/maximum-length-of-repeated-subarray/description/,中等,43.3%,Maximum Length of Repeated Subarray
719,找出第 k 小的距离对,https://leetcode-cn.com/problems/find-k-th-smallest-pair-distance/description/,困难,12.9%,Find K-th Smallest Pair Distance
720,词典中最长的单词,https://leetcode-cn.com/problems/longest-word-in-dictionary/description/,简单,30.5%,Longest Word in Dictionary
721,账户合并,https://leetcode-cn.com/problems/accounts-merge/description/,中等,24.2%,Accounts Merge
722,删除注释,https://leetcode-cn.com/problems/remove-comments/description/,中等,22.3%,Remove Comments
724,寻找数组的中心索引,https://leetcode-cn.com/problems/find-pivot-index/description/,简单,27.6%,Find Pivot Index
725,Split Linked List in Parts,https://leetcode-cn.com/problems/split-linked-list-in-parts/description/,中等,41.1%,Split Linked List in Parts
726,原子的数量,https://leetcode-cn.com/problems/number-of-atoms/description/,困难,30.6%,Number of Atoms
728,自除数,https://leetcode-cn.com/problems/self-dividing-numbers/description/,简单,61.5%,Self Dividing Numbers
729,我的日程安排表 I,https://leetcode-cn.com/problems/my-calendar-i/description/,中等,36.0%,My Calendar I
730,Count Different Palindromic Subsequences,https://leetcode-cn.com/problems/count-different-palindromic-subsequences/description/,困难,26.7%,Count Different Palindromic Subsequences
731,我的日程安排表 II,https://leetcode-cn.com/problems/my-calendar-ii/description/,中等,34.0%,My Calendar II
732,我的日程安排表 III,https://leetcode-cn.com/problems/my-calendar-iii/description/,困难,37.5%,My Calendar III
733,图像渲染,https://leetcode-cn.com/problems/flood-fill/description/,简单,41.5%,Flood Fill
735,行星碰撞,https://leetcode-cn.com/problems/asteroid-collision/description/,中等,30.2%,Asteroid Collision
736,Parse Lisp Expression,https://leetcode-cn.com/problems/parse-lisp-expression/description/,困难,50.0%,Parse Lisp Expression
738,738.单调递增的数字,https://leetcode-cn.com/problems/monotone-increasing-digits/description/,中等,27.4%,Monotone Increasing Digits
739,每日温度,https://leetcode-cn.com/problems/daily-temperatures/description/,中等,36.6%,Daily Temperatures
740,删除与获得点数,https://leetcode-cn.com/problems/delete-and-earn/description/,中等,43.4%,Delete and Earn
741,摘樱桃,https://leetcode-cn.com/problems/cherry-pickup/description/,困难,15.7%,Cherry Pickup
743,网络延迟时间,https://leetcode-cn.com/problems/network-delay-time/description/,中等,26.0%,Network Delay Time
744,寻找比目标字母大的最小字母,https://leetcode-cn.com/problems/find-smallest-letter-greater-than-target/description/,简单,39.6%,Find Smallest Letter Greater Than Target
745,前缀和后缀搜索,https://leetcode-cn.com/problems/prefix-and-suffix-search/description/,困难,20.7%,Prefix and Suffix Search
746,使用最小花费爬楼梯,https://leetcode-cn.com/problems/min-cost-climbing-stairs/description/,简单,35.9%,Min Cost Climbing Stairs
747,至少是其他数字两倍的最大数,https://leetcode-cn.com/problems/largest-number-at-least-twice-of-others/description/,简单,37.9%,Largest Number At Least Twice of Others
748,Shortest Completing Word,https://leetcode-cn.com/problems/shortest-completing-word/description/,中等,45.3%,Shortest Completing Word
749,Contain Virus,https://leetcode-cn.com/problems/contain-virus/description/,困难,29.4%,Contain Virus
752,Open the Lock,https://leetcode-cn.com/problems/open-the-lock/description/,中等,24.2%,Open the Lock
753,Cracking the Safe,https://leetcode-cn.com/problems/cracking-the-safe/description/,困难,27.8%,Cracking the Safe
754,到达终点数字,https://leetcode-cn.com/problems/reach-a-number/description/,中等,26.2%,Reach a Number
756,金字塔转换矩阵,https://leetcode-cn.com/problems/pyramid-transition-matrix/description/,中等,38.5%,Pyramid Transition Matrix
757,设置交集大小至少为2,https://leetcode-cn.com/problems/set-intersection-size-at-least-two/description/,困难,32.1%,Set Intersection Size At Least Two
761,特殊的二进制序列,https://leetcode-cn.com/problems/special-binary-string/description/,困难,37.5%,Special Binary String
762,二进制表示中质数个计算置位,https://leetcode-cn.com/problems/prime-number-of-set-bits-in-binary-representation/description/,简单,48.0%,Prime Number of Set Bits in Binary Representation
763,划分字母区间,https://leetcode-cn.com/problems/partition-labels/description/,中等,58.3%,Partition Labels
764,Largest Plus Sign,https://leetcode-cn.com/problems/largest-plus-sign/description/,中等,59.5%,Largest Plus Sign
765,情侣牵手,https://leetcode-cn.com/problems/couples-holding-hands/description/,困难,51.4%,Couples Holding Hands
766,托普利茨矩阵,https://leetcode-cn.com/problems/toeplitz-matrix/description/,简单,51.2%,Toeplitz Matrix
767,重构字符串,https://leetcode-cn.com/problems/reorganize-string/description/,中等,24.2%,Reorganize String
768,最多能完成排序的块 II,https://leetcode-cn.com/problems/max-chunks-to-make-sorted-ii/description/,困难,26.1%,Max Chunks To Make Sorted II
769,最多能完成排序的块,https://leetcode-cn.com/problems/max-chunks-to-make-sorted/description/,中等,33.5%,Max Chunks To Make Sorted
770,Basic Calculator IV,https://leetcode-cn.com/problems/basic-calculator-iv/description/,困难,11.8%,Basic Calculator IV
771,宝石与石头,https://leetcode-cn.com/problems/jewels-and-stones/description/,简单,76.2%,Jewels and Stones
773,Sliding Puzzle,https://leetcode-cn.com/problems/sliding-puzzle/description/,困难,75.0%,Sliding Puzzle
775,Global and Local Inversions,https://leetcode-cn.com/problems/global-and-local-inversions/description/,中等,27.7%,Global and Local Inversions
777,在LR字符串中交换相邻字符,https://leetcode-cn.com/problems/swap-adjacent-in-lr-string/description/,中等,22.4%,Swap Adjacent in LR String
778,Swim in Rising Water,https://leetcode-cn.com/problems/swim-in-rising-water/description/,困难,25.0%,Swim in Rising Water
779,第K个语法符号,https://leetcode-cn.com/problems/k-th-symbol-in-grammar/description/,中等,31.4%,K-th Symbol in Grammar
780,Reaching Points,https://leetcode-cn.com/problems/reaching-points/description/,困难,19.2%,Reaching Points
781,森林中的兔子,https://leetcode-cn.com/problems/rabbits-in-forest/description/,中等,45.3%,Rabbits in Forest
782,Transform to Chessboard,https://leetcode-cn.com/problems/transform-to-chessboard/description/,困难,40.0%,Transform to Chessboard
783,二叉搜索树结点最小距离,https://leetcode-cn.com/problems/minimum-distance-between-bst-nodes/description/,简单,37.7%,Minimum Distance Between BST Nodes
784,字母大小写全排列,https://leetcode-cn.com/problems/letter-case-permutation/description/,简单,43.9%,Letter Case Permutation
785,判断二分图,https://leetcode-cn.com/problems/is-graph-bipartite/description/,中等,21.9%,Is Graph Bipartite?
786,K-th Smallest Prime Fraction,https://leetcode-cn.com/problems/k-th-smallest-prime-fraction/description/,困难,28.9%,K-th Smallest Prime Fraction
787,Cheapest Flights Within K Stops,https://leetcode-cn.com/problems/cheapest-flights-within-k-stops/description/,中等,28.3%,Cheapest Flights Within K Stops
788,旋转数字,https://leetcode-cn.com/problems/rotated-digits/description/,简单,44.6%,Rotated Digits
789,逃脱阻碍者,https://leetcode-cn.com/problems/escape-the-ghosts/description/,中等,57.1%,Escape The Ghosts
790,Domino and Tromino Tiling,https://leetcode-cn.com/problems/domino-and-tromino-tiling/description/,中等,30.3%,Domino and Tromino Tiling
791,自定义字符串排序,https://leetcode-cn.com/problems/custom-sort-string/description/,中等,52.5%,Custom Sort String
792,匹配子序列的单词数,https://leetcode-cn.com/problems/number-of-matching-subsequences/description/,中等,19.7%,Number of Matching Subsequences
793,阶乘函数后K个零,https://leetcode-cn.com/problems/preimage-size-of-factorial-zeroes-function/description/,困难,19.0%,Preimage Size of Factorial Zeroes Function
794,有效的井字游戏,https://leetcode-cn.com/problems/valid-tic-tac-toe-state/description/,中等,23.9%,Valid Tic-Tac-Toe State
795,区间子数组个数,https://leetcode-cn.com/problems/number-of-subarrays-with-bounded-maximum/description/,中等,38.4%,Number of Subarrays with Bounded Maximum
796,旋转字符串,https://leetcode-cn.com/problems/rotate-string/description/,简单,38.6%,Rotate String
797,All Paths From Source to Target,https://leetcode-cn.com/problems/all-paths-from-source-to-target/description/,中等,54.1%,All Paths From Source to Target
798,Smallest Rotation with Highest Score,https://leetcode-cn.com/problems/smallest-rotation-with-highest-score/description/,困难,23.8%,Smallest Rotation with Highest Score
799,香槟塔,https://leetcode-cn.com/problems/champagne-tower/description/,中等,22.0%,Champagne Tower
801,使序列递增的最小交换次数,https://leetcode-cn.com/problems/minimum-swaps-to-make-sequences-increasing/description/,中等,21.5%,Minimum Swaps To Make Sequences Increasing
802,Find Eventual Safe States,https://leetcode-cn.com/problems/find-eventual-safe-states/description/,中等,18.4%,Find Eventual Safe States
803,打砖块,https://leetcode-cn.com/problems/bricks-falling-when-hit/description/,困难,8.9%,Bricks Falling When Hit
804,唯一摩尔斯密码词,https://leetcode-cn.com/problems/unique-morse-code-words/description/,简单,61.2%,Unique Morse Code Words
805,数组的均值分割,https://leetcode-cn.com/problems/split-array-with-same-average/description/,困难,15.9%,Split Array With Same Average
806,写字符串需要的行数,https://leetcode-cn.com/problems/number-of-lines-to-write-string/description/,简单,51.9%,Number of Lines To Write String
807,保持城市天际线,https://leetcode-cn.com/problems/max-increase-to-keep-city-skyline/description/,中等,71.4%,Max Increase to Keep City Skyline
808,分汤,https://leetcode-cn.com/problems/soup-servings/description/,中等,30.1%,Soup Servings
809,情感丰富的文字,https://leetcode-cn.com/problems/expressive-words/description/,中等,31.1%,Expressive Words
810,黑板异或游戏,https://leetcode-cn.com/problems/chalkboard-xor-game/description/,困难,52.2%,Chalkboard XOR Game
811,子域名访问计数,https://leetcode-cn.com/problems/subdomain-visit-count/description/,简单,55.3%,Subdomain Visit Count
812,最大三角形面积,https://leetcode-cn.com/problems/largest-triangle-area/description/,简单,45.6%,Largest Triangle Area
813,最大平均值和的分组,https://leetcode-cn.com/problems/largest-sum-of-averages/description/,中等,23.4%,Largest Sum of Averages
814,二叉树剪枝,https://leetcode-cn.com/problems/binary-tree-pruning/description/,中等,66.8%,Binary Tree Pruning
815,公交路线,https://leetcode-cn.com/problems/bus-routes/description/,困难,31.3%,Bus Routes
816,Ambiguous Coordinates,https://leetcode-cn.com/problems/ambiguous-coordinates/description/,中等,40.0%,Ambiguous Coordinates
817,Linked List Components,https://leetcode-cn.com/problems/linked-list-components/description/,中等,39.9%,Linked List Components
818,赛车,https://leetcode-cn.com/problems/race-car/description/,困难,14.3%,Race Car
819,最常见的单词,https://leetcode-cn.com/problems/most-common-word/description/,简单,36.7%,Most Common Word
820,Short Encoding of Words,https://leetcode-cn.com/problems/short-encoding-of-words/description/,中等,40.7%,Short Encoding of Words
821,字符的最短距离,https://leetcode-cn.com/problems/shortest-distance-to-a-character/description/,简单,53.4%,Shortest Distance to a Character
822,Card Flipping Game,https://leetcode-cn.com/problems/card-flipping-game/description/,中等,44.4%,Card Flipping Game
823,Binary Trees With Factors,https://leetcode-cn.com/problems/binary-trees-with-factors/description/,中等,34.9%,Binary Trees With Factors
824,山羊拉丁文,https://leetcode-cn.com/problems/goat-latin/description/,简单,37.2%,Goat Latin
825,Friends Of Appropriate Ages,https://leetcode-cn.com/problems/friends-of-appropriate-ages/description/,中等,23.9%,Friends Of Appropriate Ages
826,Most Profit Assigning Work,https://leetcode-cn.com/problems/most-profit-assigning-work/description/,中等,27.3%,Most Profit Assigning Work
827,最大人工岛,https://leetcode-cn.com/problems/making-a-large-island/description/,困难,31.8%,Making A Large Island
828,独特字符串,https://leetcode-cn.com/problems/unique-letter-string/description/,困难,25.6%,Unique Letter String
829,连续整数求和,https://leetcode-cn.com/problems/consecutive-numbers-sum/description/,中等,21.3%,Consecutive Numbers Sum
830,较大分组的位置,https://leetcode-cn.com/problems/positions-of-large-groups/description/,简单,36.6%,Positions of Large Groups
831,Masking Personal Information,https://leetcode-cn.com/problems/masking-personal-information/description/,中等,28.6%,Masking Personal Information
832,翻转图像,https://leetcode-cn.com/problems/flipping-an-image/description/,简单,64.7%,Flipping an Image
833,Find And Replace in String,https://leetcode-cn.com/problems/find-and-replace-in-string/description/,中等,19.7%,Find And Replace in String
834,树中距离之和,https://leetcode-cn.com/problems/sum-of-distances-in-tree/description/,困难,20.6%,Sum of Distances in Tree
835,Image Overlap,https://leetcode-cn.com/problems/image-overlap/description/,中等,38.8%,Image Overlap
836,矩形重叠,https://leetcode-cn.com/problems/rectangle-overlap/description/,简单,32.2%,Rectangle Overlap
837,新21点,https://leetcode-cn.com/problems/new-21-game/description/,中等,15.9%,New 21 Game
838,推多米诺,https://leetcode-cn.com/problems/push-dominoes/description/,中等,27.9%,Push Dominoes
839,相似字符串组,https://leetcode-cn.com/problems/similar-string-groups/description/,困难,16.4%,Similar String Groups
840,矩阵中的幻方    新,https://leetcode-cn.com/problems/magic-squares-in-grid/description/,简单,22.8%,Magic Squares In Grid
841,钥匙和房间    新,https://leetcode-cn.com/problems/keys-and-rooms/description/,中等,54.8%,Keys and Rooms
842,将数组拆分成斐波那契序列    新,https://leetcode-cn.com/problems/split-array-into-fibonacci-sequence/description/,中等,24.6%,Split Array into Fibonacci Sequence
843,猜猜这个单词    新,https://leetcode-cn.com/problems/guess-the-word/description/,困难,30.2%,Guess the Word
